<!--Define a module using R script -->
<Module name = "Lead and Lag Generator">
	<Owner>Casey Whorton</Owner>
	<Description>Selects columns from a dataset and generates number of leads and lags for those inputs, binds columns</Description>

<!--Specifiy base language -->
	<Language name = "R"
	sourceFile="leads_lags_function.R"
	entryPoint = "leads_lags_function" />

<!--Define module input and output ports -->
	<Ports>
		<Input id = "dataset1" name="Dataset 1" type="DataTable">
			<Description>Input dataset</Description>
		</Input>
		<Output id="dataset" name="Dataset" type="DataTable">
			<Description>The modified dataset</Description>
		</Output>
	</Ports>

<!--Define module parameters -->
	<Arguments>
		<Arg id="colset" name="colset" type="ColumnPicker">      
     	 		<Properties portId="datasetIn1" allowedTypes="Numeric" default="NumericAll"/>
      			<Description>Column set</Description>
    		</Arg>
		<Arg id="leads" name="Leads" type="int">
			<Properties min="0" max="100" default="0"/>
			<Description>Pick number of leads</Description>
		</Arg>
		<Arg id="lags" name="Lags" type="int">
			<Properties min="0" max="100" default="0"/>
			<Description>Pick number of lags</Description>
		</Arg>
	</Arguments>
</Module>